Packet number,Gyroscope X (deg/s),Gyroscope Y (deg/s),Gyroscope Z (deg/s),Accelerometer X (g),Accelerometer Y (g),Accelerometer Z (g),Magnetometer X (G),Magnetometer Y (G),Magnetometer Z (G)
,-1.684553213,-0.045951215,0.31019935,-0.352620999,0.444584098,0.828924363,,,
,-1.136461787,0.085542599,-0.29879749,-0.34553262,0.444563405,0.828762793,,,
,-1.080770289,0.346295691,-0.090240853,-0.343952803,0.447647197,0.827955454,,,
,-0.678725804,0.691330876,-0.441521277,-0.351827931,0.446130377,0.82735474,,,
,-0.884073878,-0.170283057,-0.2973078,-0.34080316,0.449177676,0.828663914,,,
,-1.698189609,0.538523032,-0.55972247,-0.351829867,0.443816412,0.827350255,,,
,-1.071602964,0.563446696,0.323434675,-0.351827931,0.446130377,0.82735474,,,
,-1.43657708,0.347957269,-0.094939107,-0.34867472,0.444584506,0.825725178,,,
,-1.76958015,0.183289199,1.133367815,-0.35183262,0.4430421,0.828126096,,,
,-1.384208737,-0.055405019,0.056436343,-0.347111723,0.439940061,0.828789704,,,
,-0.260638501,0.050592173,0.329794507,-0.34317054,0.443785219,0.828707339,,,
,-0.880349652,0.694310256,-0.341883916,-0.343954842,0.447644241,0.828732824,,,
,-0.769883389,-0.049560849,0.322346056,-0.343954842,0.447644241,0.828732824,,,
,-1.075957443,0.253018162,0.166558831,-0.351829867,0.443816412,0.827350255,,,
,-0.670818987,0.046123103,0.118487672,-0.349472375,0.437638838,0.827284404,,,
,-0.16724638,-0.015412565,-0.13263973,-0.34082212,0.441446585,0.83331315,,,
,-0.666750986,0.154125647,0.32526814,-0.347107034,0.443028338,0.828018349,,,
,-0.469367026,0.648874703,-0.130978152,-0.349471152,0.441492559,0.828069215,,,
,-0.72398947,-0.108289023,0.065546372,-0.347106524,0.446110703,0.828801631,,,
,0.097345529,0.355176537,0.337128367,-0.345540163,0.443011927,0.831091845,,,
,-0.630711941,0.078896288,-0.446219531,-0.343964424,0.446089704,0.831839246,,,
,-0.770857418,-0.051165131,0.270894446,-0.343954842,0.447644241,0.828732824,,,
,-0.066348513,-0.267685882,-0.080901641,-0.350259531,0.443034557,0.828867482,,,
,-0.062165921,0.800250152,-0.124045363,-0.347106524,0.446110703,0.828801631,,,
,0.243908133,0.042914539,0.131207335,-0.34553262,0.444563405,0.828762793,,,
,0.751262261,-0.061994033,0.086172852,-0.348689195,0.44456371,0.831166667,,,
,0.44948539,0.752064402,0.036612003,-0.345540979,0.44455158,0.831872171,,,
,-0.060848118,1.004223128,-0.122326489,-0.350258206,0.444577268,0.82887054,,,
,-0.052884004,0.563274808,0.440203474,-0.35025209,0.446897146,0.827320285,,,
,0.644634815,1.345591382,-0.521506185,-0.345529969,0.447648828,0.828768705,,,
,-0.37929806,0.933233657,-0.796010265,-0.343955454,0.446872885,0.828731295,,,
,-0.074484513,0.679126875,-0.742438711,-0.343956167,0.446101529,0.828729867,,,
,0.751720627,1.250881458,-0.263961656,-0.345549235,0.444539755,0.834981651,,,
,1.060029217,1.357050538,-0.10439291,-0.349479511,0.443791743,0.831960449,,,
,1.266523206,1.765741333,-0.046810652,-0.351840265,0.443801631,0.831237003,,,
,1.366045975,1.509170832,-0.098777924,-0.352629867,0.443800917,0.832032314,,,
,1.475480914,1.574086951,0.366120031,-0.348672069,0.447669827,0.825731091,,,
,1.159322803,1.859649116,-0.304756251,-0.343951478,0.449189806,0.82795841,,,
,1.574258838,2.175005086,0.063369132,-0.343160449,0.450733129,0.827166157,,,
,-0.071390541,1.797368603,-0.835773536,-0.348668196,0.452297859,0.825740061,,,
,0.63139949,1.730389837,-1.289269631,-0.351815698,0.450770234,0.82425423,,,
,0.552732385,2.979724309,-0.406914626,-0.348666667,0.449218349,0.824179409,,,
,-0.477388435,3.567750895,-1.290415546,-0.353394292,0.449229154,0.825064526,,,
,-0.991388873,2.399776429,-1.254777571,-0.355746687,0.449250866,0.8212316,,,
,-2.724185133,3.256921291,-1.734744316,-0.35653843,0.449247299,0.822804281,,,
,-3.737403698,4.277244532,-1.791868208,-0.354957288,0.456184709,0.822781855,,,
,-6.055934711,4.183623228,-3.469603224,-0.36441998,0.452343731,0.826099286,,,
,-6.487830297,4.396018683,-4.863437652,-0.353394801,0.446146789,0.824281142,,,
,-6.439701843,4.592657798,-5.067754402,-0.347097961,0.441500408,0.824128542,,,
,-5.19770123,4.317924536,-3.871132047,-0.336093782,0.439896024,0.831647706,,,
,-6.249823629,5.280321744,-5.881354471,-0.347079409,0.458475739,0.822606728,,,
,-5.738401501,3.714943752,-5.423790376,-0.364427625,0.438465647,0.824517737,,,
,-6.633075098,3.700619807,-4.356083525,-0.370726809,0.435404587,0.823100714,,,
,-5.821423086,2.481823985,-4.2002963,-0.388056269,0.41310999,0.817233537,,,
,-5.583187235,0.613981573,-2.000482142,-0.403842508,0.396928236,0.825334964,,,
,-4.191014384,-1.478632182,-0.352254452,-0.405395209,0.389260958,0.814472885,,,
,-3.587460643,-3.057016316,-0.202941651,-0.380976249,0.398439857,0.815488787,,,
,-3.720730626,-4.289276646,1.123742124,-0.383359021,0.413826096,0.828010296,,,
,-3.986697634,-5.663401326,1.213639202,-0.340773293,0.474643527,0.825603874,,,
,-4.583203995,-5.316589973,-0.747538035,-0.309254128,0.483048318,0.821792457,,,
,-6.632272958,-6.196366667,-1.452276123,-0.315568909,0.456853109,0.818775841,,,
,-6.422742292,-7.100092997,-1.095896375,-0.353405607,0.426101019,0.821910296,,,
,-6.654446424,-6.60820873,-0.066233921,-0.366008257,0.422283996,0.821412742,,,
,-4.327722114,-6.360404484,1.713602174,-0.358208053,0.401352192,0.842958919,,,
,-0.826835394,-4.736699388,3.574225318,-0.364522528,0.399810092,0.84776371,,,
,3.058334119,-2.898020528,4.206369653,-0.36137788,0.388236799,0.846114781,,,
,4.918785375,-1.640320872,5.629482224,-0.336936391,0.404381448,0.840925178,,,
,10.02825111,2.979552422,5.785842407,-0.325126707,0.404341081,0.842210499,,,
,14.55009132,5.718978232,7.567511967,-0.345615087,0.405925688,0.847344648,,,
,18.43176579,2.606499602,9.3997737,-0.37238369,0.42450683,0.850323242,,,
,17.39488407,1.168375536,8.913790898,-0.356602956,0.4707263,0.853940469,,,
,15.04363716,1.412570148,8.316826171,-0.340017329,0.471514475,0.836462895,,,
,14.52258935,1.951666138,7.542874781,-0.343935168,0.4707842,0.828777676,,,
,13.28144817,1.518968411,6.545928218,-0.351800612,0.468510907,0.824288583,,,
,11.7958259,1.760240938,5.910632615,-0.356507441,0.466240265,0.816618349,,,
,9.07232832,2.834021142,4.13188514,-0.336019776,0.468506422,0.813046381,,,
,7.227977177,2.871664469,3.439809419,-0.345443731,0.478587971,0.806285117,,,
,4.886126781,1.961349124,3.3491102,-0.362014067,0.461643119,0.812848216,,,
,4.66078248,0.71516592,2.564329908,-0.351762283,0.460091335,0.807170234,,,
,4.858223736,1.661978676,2.007414931,-0.324219266,0.472305097,0.819003364,,,
,3.935131433,1.605255855,1.636195576,-0.343884404,0.47701998,0.811687666,,,
,2.961103181,0.838179958,1.410965866,-0.345452294,0.470871662,0.807047503,,,
,2.709059047,-0.019767044,1.606516362,-0.362810296,0.453929154,0.813628644,,,
,2.31165552,-0.962339913,2.36568544,-0.365956779,0.458566361,0.81370948,,,
,2.007816001,-2.220096865,2.815686493,-0.369096636,0.47091682,0.813805199,,,
,1.40535088,-3.320003944,3.465477928,-0.354934659,0.458528236,0.815012742,,,
,2.107281475,-2.93423146,2.911599628,-0.33130683,0.470786035,0.818384608,,,
,1.186309115,-0.869692637,2.04081837,-0.331307543,0.472325688,0.819164934,,,
,1.279987714,-1.438697024,1.780466348,-0.326583588,0.475391335,0.820617941,,,
,2.793856801,-0.552675089,0.934494164,-0.33446157,0.475411315,0.821574822,,,
,2.290570673,1.279128278,0.787129419,-0.337573394,0.464689908,0.803746483,,,
,2.926668418,2.267251291,1.57368588,-0.347127217,0.446081142,0.836575229,,,
,7.018618399,5.172662974,2.116677983,-0.355806626,0.461491641,0.847685729,,,
,9.688200654,8.338713159,2.743551106,-0.340834964,0.479948216,0.850489806,,,
,13.48009264,15.53575061,2.183312974,-0.328355963,0.513634251,0.907015392,,,
,22.54955617,33.21654062,-2.458447307,-0.198002752,0.421023547,1.019682671,,,
,34.62933995,62.38479065,-1.305312449,-0.188782263,0.315122018,1.072122732,,,
,48.03935985,90.03412956,2.025405806,-0.098975535,0.447399694,1.104536188,,,
,109.0162786,93.45686484,-6.408189164,-0.403788277,0.257206932,1.055923649,,,
,115.8930327,80.78979931,0.874791962,-0.612465036,0.569105708,1.147573904,,,
,102.2355523,91.47248281,2.485891986,-0.933189195,0.467683282,0.891954027,,,
,163.8101233,15.04335069,37.3126159,-1.325653313,1.05860316,1.181892661,,,
,118.6455792,-21.55604735,35.23770654,-0.73928736,1.75195158,0.946013965,,,
,40.42520912,10.32727778,8.690795724,-0.408931193,1.195270133,0.626465647,,,
,27.35226029,28.05482114,-26.54416062,-0.7401579,0.572354332,0.598595923,,,
,51.4883366,1.697330172,-56.59350514,-0.967338022,0.448475229,0.696810907,,,
,56.65120199,-19.94947369,-85.59061268,-0.778800917,0.585490724,0.62282212,,,
,44.11373952,-18.50888591,-107.8189687,-0.583891947,0.650171764,0.498798165,,,
,34.09912481,-12.7977572,-116.9193147,-0.497069929,0.607044139,0.412783996,,,
,32.17954431,-6.542433175,-112.328433,-0.430824465,0.55921213,0.362986442,,,
,32.77530583,-0.912377993,-97.93510296,-0.349575127,0.565320999,0.3152842,,,
,29.08287931,6.263631912,-76.751249,-0.243108665,0.575999286,0.263129562,,,
,24.49480518,16.83046334,-53.13536108,-0.1879263,0.56050367,0.237744241,,,
,20.34922635,22.50498005,-29.60083316,-0.186478084,0.527960958,0.274958818,,,
,15.57448256,18.01092829,-7.331739834,-0.235522018,0.510849847,0.350665953,,,
,6.122512407,8.475764663,11.22859769,-0.212783588,0.469036493,0.374939857,,,
,-5.834314636,2.679093354,25.25076569,-0.164821611,0.339353721,0.362710092,,,
,-14.97505412,-0.761919276,31.71819869,-0.109730581,0.19430051,0.330077472,,,
,-19.52009912,-3.845177059,33.73117131,-0.084609276,0.090877166,0.326970438,,,
,-23.37891258,-5.394340345,34.33380832,-0.065745566,0.101552701,0.344439551,,,
,-33.17127696,-4.694930765,37.85618096,-0.035856575,0.147633129,0.37338634,,,
,-43.02907312,-4.508490298,43.01377515,0.003368909,0.13189052,0.425318858,,,
,-49.65160579,-11.44689461,48.48237082,-0.090723547,0.184793884,0.583031193,,,
,-61.76788699,-28.88389107,51.52815716,-0.122503874,0.239188787,0.705123751,,,
,-75.44393119,-42.51936986,52.20842995,-0.082420795,0.232788685,0.733735474,,,
,-83.55701357,-51.00304134,50.33640495,-0.066646075,0.274377064,0.738121101,,,
,-86.45090881,-55.61334624,49.08288789,-0.088715902,0.319870133,0.759700917,,,
,-80.94180501,-58.28327227,50.63159281,-0.11712895,0.329882467,0.786019776,,,
,-65.48838843,-54.64206819,49.9949794,-0.069779511,0.328338226,0.749180632,,,
,-47.90351156,-31.7194592,39.2444577,0.10059317,0.333597044,0.652028542,,,
,-25.63046482,12.10917652,23.27348834,0.24958369,0.395759735,0.617660754,,,
,-223.7952521,253.8940429,-40.41243216,-7.078848114,8.037138634,5.856924057,,,
,-185.7244412,-166.7630905,14.64772333,1.014028033,-2.192065138,-1.002220591,,,
,-92.51841726,-85.0228115,-6.468235141,-1.919768705,0.371920795,0.485179817,,,
,-45.5163402,-49.61041013,-5.696690174,-0.302683078,0.85711682,1.431791947,,,
,-25.18052107,-16.33869367,-6.074842319,0.722054944,-0.136069419,1.355182467,,,
,3.218132048,21.65196049,-5.516838722,-0.420026096,0.502672681,1.021795005,,,
,6.4009126,3.368877244,5.535803625,-0.678194495,0.079165647,0.83096789,,,
,17.14685064,-0.286765376,17.02945159,-0.624312538,0.262829867,0.766358818,,,
,16.87927935,-11.09733305,18.64427584,-0.382904485,0.56393262,0.705477574,,,
,6.515847934,-12.74057601,11.17330726,-0.165755352,0.604578491,0.798548522,,,
,-0.321830394,-9.253497574,5.869035879,-0.28392528,0.597173802,0.810555861,,,
,-3.211714921,-9.661959187,0.576739317,-0.288749337,0.532333333,0.826862691,,,
,-7.91472439,-2.298477491,-5.502171002,-0.250964016,0.524492049,0.830649745,,,
,-11.0696019,3.816701056,-7.503627172,-0.290361162,0.48683211,0.826033028,,,
,-10.35076905,5.533626385,-8.044155556,-0.362914271,0.446076758,0.850149541,,,
,-11.35694023,5.653202677,-7.493428524,-0.334570031,0.447522018,0.853392762,,,
,-8.505558469,4.881600415,-7.41120908,-0.353560449,0.397375229,0.870828542,,,
,-4.288359913,4.69676423,-4.730110373,-0.375591131,0.403633843,0.865124567,,,
,-0.378553215,5.368557245,-2.356804594,-0.383425994,0.398322528,0.848191743,,,
,3.193895933,6.498028946,-1.52807844,-0.326650663,0.447561162,0.836888583,,,
,2.972447745,8.246123179,-2.698745807,-0.318704179,0.474602956,0.818882059,,,
,2.359096426,7.382102824,-2.866450553,-0.375431804,0.440070031,0.816998573,,,
,3.174186185,4.146037197,-2.006899269,-0.378605708,0.424637717,0.820927319,,,
,3.410760459,3.792751421,-0.207353426,-0.378619776,0.415372783,0.823241386,,,
,3.376955949,3.319832057,0.921144247,-0.387247706,0.423152803,0.812570948,,,
,3.180603312,1.665874789,1.780179869,-0.381729562,0.43392946,0.814020795,,,
,1.938316221,0.45464201,3.707266118,-0.361242406,0.447750866,0.814358104,,,
,2.750197417,-0.560581907,3.865918131,-0.376997655,0.446251172,0.815491743,,,
,3.355298144,-0.926816529,3.714771865,-0.347081549,0.443835168,0.818691539,,,
,4.913571459,-1.33923155,5.428717813,-0.346344444,0.430664016,0.833417941,,,
,8.536440894,-0.674829691,5.89522005,-0.359749643,0.421435168,0.836814781,,,
,9.637551185,-1.479949985,7.962165296,-0.366028033,0.430730173,0.831534862,,,
,9.02018916,-2.0404173,7.899311826,-0.353393476,0.462327115,0.828976758,,,
,6.538250583,-2.549146526,5.959104844,-0.347048216,0.470846687,0.814856983,,,
,5.305990253,-1.859305341,5.072796431,-0.347061774,0.46466422,0.817954536,,,
,3.968993238,-2.385337893,4.38180933,-0.34549419,0.465419062,0.821029562,,,
,3.457685702,-2.138622266,4.01689251,-0.367571458,0.446188175,0.824604485,,,
,3.66446617,-2.991985606,4.475831704,-0.356541488,0.455406116,0.825925688,,,
,3.467884351,-0.960162673,4.3333371,-0.337636697,0.458436391,0.825500612,,,
,2.211559793,-0.807182942,2.51814951,-0.332864628,0.469274516,0.811421305,,,
,-0.289229095,-0.813714661,1.970172674,-0.347036188,0.463159939,0.807845872,,,
,-0.048013863,-0.739000964,1.150384661,-0.343923445,0.455393068,0.81941947,,,
,-0.700326313,0.436937615,1.253058698,-0.339216004,0.458435066,0.827091233,,,
,0.361937439,0.675631832,0.858405369,-0.343171967,0.459191233,0.834178797,,,
,1.482012633,1.736234007,0.727427217,-0.331348828,0.467644444,0.83314842,,,
,2.094790995,3.503636917,0.285791348,-0.342391845,0.442999796,0.83179735,,,
,8.127234437,5.444817927,1.159265507,-0.387437819,0.47218685,0.899730785,,,
,15.40081905,13.78708342,2.088144684,-0.255938532,0.516446279,0.921693578,,,
,21.86097549,19.85092495,2.584841797,-0.402537615,0.385752192,0.923225382,,,
,29.39915202,25.78166839,2.584956389,-0.351957594,0.502954638,0.894318247,,,
,33.02379762,33.20783166,3.036447131,-0.30657737,0.342150255,0.954376962,,,
,61.57921199,30.51607594,8.095435279,-0.388617941,0.385343935,1.019294699,,,
,68.55795253,32.2719624,5.566571459,-0.154134455,0.417475331,1.106512436,,,
,100.6843836,36.24840409,19.11639306,-0.902682671,0.668012334,1.3300579,,,
,185.5674507,-50.26690517,28.73893275,-1.646229664,0.183198063,1.213916718,,,
,192.295866,-83.68501235,13.76966551,-0.619578389,1.912965953,0.701076758,,,
,62.23524866,-0.951052644,-30.85561073,-0.263530275,1.92587788,0.67588369,,,
,8.943126337,44.87416911,-59.61029982,-0.651723038,0.924490724,0.625252396,,,
,47.56437784,25.47364628,-80.3827128,-0.973027829,0.34038318,0.728599083,,,
,83.2973491,2.224279456,-96.47623783,-0.693020693,0.574359021,0.642609582,,,
,67.05193296,18.25191434,-108.1487632,-0.374379409,0.836017125,0.548797554,,,
,41.85874953,40.89904522,-108.0756538,-0.320865953,0.712536391,0.52401631,,,
,39.34524097,45.85782305,-92.81354782,-0.355716718,0.485859021,0.525921814,,,
,45.93838091,41.21308339,-70.70539834,-0.302124159,0.44569419,0.498192559,,,
,39.32106216,39.92163652,-48.64950261,-0.194855963,0.463323955,0.442923955,,,
,24.99620055,42.60972531,-27.29255809,-0.12550265,0.34839735,0.387482875,,,
,16.56925189,44.34945436,-11.31488513,-0.084551478,0.171081142,0.33101264,,,
,14.2068323,44.73488307,-2.25395867,-0.054661162,0.038430887,0.302088073,,,
,10.88230199,44.76679682,1.810489337,-0.038979613,0.004387156,0.317210296,,,
,2.90587005,42.56864423,2.404531979,-0.026496432,0.038079001,0.372181244,,,
,-9.322882763,37.2950261,1.83610055,-0.034542712,0.047103568,0.439231702,,,
,-18.65894356,25.18705279,2.850923397,-0.067778899,0.059301529,0.502976045,,,
,-25.24704147,8.288693943,5.721499246,-0.085171662,0.137838838,0.553274618,,,
,-36.07789185,-8.314763523,12.70287539,-0.110430071,0.233362487,0.605340367,,,
,-45.34439557,-25.01413412,21.66038297,-0.162496636,0.3227579,0.667333231,,,
,-57.76990209,-43.71965915,31.17847245,-0.211284404,0.441602854,0.690443017,,,
,-71.22375326,-54.4029729,38.26498635,-0.173292355,0.474887971,0.629788481,,,
,-76.44019021,-57.14434677,42.84939355,-0.175573802,0.434179817,0.586231091,,,
,-71.90053101,-57.45861412,46.35652551,-0.200014169,0.438837513,0.597679817,,,
,-65.2187545,-54.13299519,49.3039923,-0.204780938,0.465756269,0.621938022,,,
,-60.53774661,-46.61716401,47.52386973,-0.196918858,0.478810499,0.63111213,,,
,-55.84321691,-27.00499057,38.41790878,-0.084044241,0.362507951,0.497721814,,,
,-31.91976525,17.69998409,18.02932024,0.134448522,0.107341692,0.287029154,,,
,105.27114,105.8249037,6.135346662,-1.217226606,3.573808665,-0.281677574,,,
,-446.9997848,-361.8347079,23.00820888,-2.083977064,0.004832518,1.404662691,,,
,-22.23992978,-50.40389938,18.43909965,-2.331625994,1.220335474,1.634223344,,,
,-101.469565,-126.6107812,15.34793505,0.257410499,0.414570133,0.937774006,,,
,-51.01152112,-93.04456441,7.984567946,0.345351682,0.109678695,1.530597757,,,
,-56.74505248,-26.13959512,-13.97862322,-0.223489806,0.4569,1.138486239,,,
,-22.94380843,-11.79668534,-6.164567509,-0.420601019,0.088917737,1.104948624,,,
,4.489983762,-7.919881011,9.742058686,-0.541339653,0.244907136,0.950988379,,,
,17.0904143,-15.2536262,17.7284601,-0.503243425,0.296060143,0.856941794,,,
,19.20210755,-16.4169597,18.72643798,-0.252427829,0.550849337,0.797310092,,,
,13.84552512,-13.02327339,14.20568639,-0.242956677,0.564717635,0.794012029,,,
,12.55637008,-10.30212493,9.836424835,-0.227196126,0.555439348,0.787416004,,,
,9.103153449,-5.374172231,5.713019471,-0.25089735,0.532291233,0.808121305,,,
,10.53789706,-1.778059926,5.093594799,-0.307640979,0.498505912,0.812458104,,,
,10.80541106,2.688317975,4.719625246,-0.2761316,0.522304791,0.817227523,,,
,7.756645335,3.712823808,4.431542066,-0.320236493,0.520122222,0.817451478,,,
,9.821241454,0.825574887,6.650493015,-0.384826606,0.477157085,0.807957492,,,
,11.05481959,-1.234265682,7.831473623,-0.354944852,0.470840061,0.822810194,,,
,10.44009317,-0.887912695,7.565678502,-0.309267686,0.476865749,0.824889908,,,
,10.86700402,1.672864874,7.955060619,-0.350207747,0.489332416,0.824293068,,,
,12.10419179,1.3969284,9.050097557,-0.346235576,0.495533028,0.813332212,,,
,10.65707229,1.211290075,7.845339201,-0.336001019,0.495497248,0.814653415,,,
,11.48144396,0.173720803,8.929318054,-0.334349439,0.50253527,0.788200714,,,
,9.839576103,0.354718171,8.033441246,-0.328068807,0.503258716,0.79583211,,,
,7.133095366,0.400382907,7.584757996,-0.302811417,0.518671152,0.779740163,,,
,4.798865309,2.152774324,4.686336398,-0.296496942,0.52021315,0.77493527,,,
,1.321813633,2.99043862,3.358965074,-0.298856473,0.509439144,0.770304077,,,
,-2.608676841,3.092195925,-0.347899973,-0.283927115,0.487774516,0.776139857,,,
,-7.419975334,5.073827755,-2.710892512,-0.294991539,0.506241692,0.796638532,,,
,-9.272691661,5.600433264,-4.118764406,-0.328067992,0.499407951,0.794269929,,,
,-6.411569615,1.824240324,-2.40791243,-0.350949032,0.534083894,0.821288277,,,
,-6.481183987,-1.080712993,-2.434211193,-0.317019878,0.520207747,0.792504179,,,
,-8.345703244,-0.727484512,-4.36089637,-0.301278389,0.520147095,0.796031702,,,
,-8.288120985,0.085542599,-4.457382463,-0.326526707,0.486258104,0.802759531,,,
,-8.904910052,0.631685969,-4.925087911,-0.307629867,0.49698104,0.807790928,,,
,-9.521355344,1.330236113,-5.493691227,-0.317083384,0.489301121,0.806436799,,,
,-8.51002754,1.821833901,-5.939165913,-0.315519062,0.486199388,0.809504383,,,
,-10.40502815,3.622181885,-7.18666692,-0.301352701,0.483832212,0.812286035,,,
,-9.951933127,4.018153017,-7.586992532,-0.329709276,0.480058104,0.812925076,,,
,-10.26350758,4.412519868,-8.05103105,-0.331285729,0.478520082,0.812958002,,,
,-8.315107298,5.237865572,-7.352710089,-0.288766769,0.475298981,0.815091641,,,
,-5.016761158,6.459583478,-5.49460796,-0.351803874,0.46465423,0.824281142,,,
,-1.019922171,5.536777653,-3.645902338,-0.378591131,0.453933639,0.824870846,,,
,2.465093618,5.166532326,-2.006555494,-0.370717227,0.466234251,0.829379307,,,
,4.824934889,4.589048164,-0.590375712,-0.350222018,0.484689602,0.828170846,,,
,8.902274446,7.558631121,-1.079681669,-0.318051988,0.490585627,0.874865341,,,
,15.25620451,14.32320003,-0.377292708,-0.262254638,0.520294699,0.928840979,,,
,23.15425583,26.52353414,-0.123930771,-0.257599694,0.522491335,0.95594526,,,
,31.88561696,42.55735697,-0.768336403,-0.232699083,0.366365647,1.018812029,,,
,44.86970004,62.39659358,1.562971569,-0.352787768,0.185905607,1.104369725,,,
,46.82027755,93.63155967,5.999441073,-0.206166769,0.39367105,1.119311927,,,
,120.244246,81.87303332,21.81932146,-0.535093986,0.628468909,1.094623242,,,
,100.2728281,113.8150866,16.8649554,-0.597982365,1.356021713,0.693275739,,,
,171.336898,76.70856364,48.25015103,-1.13721631,0.821832008,1.025556167,,,
,190.3731342,1.028344651,75.59799955,-0.80302895,1.946354027,0.989822834,,,
,81.65164243,37.29863573,52.95505126,-0.223480734,1.957949745,0.729445566,,,
,32.70855624,85.4300699,20.51223284,-0.446840877,0.934834862,0.583290316,,,
,59.82934159,62.68209845,-6.599442476,-1.008658206,0.344839246,0.801710703,,,
,82.09430962,18.35304139,-34.40055791,-0.914027013,0.46183629,0.792009072,,,
,62.03139028,11.0343077,-67.24186847,-0.617380836,0.571872069,0.628443119,,,
,38.31489097,19.31119871,-92.24970006,-0.544762997,0.452476962,0.528611825,,,
,31.60120071,18.10317449,-105.8336126,-0.535288787,0.309188277,0.47370316,,,
,32.05492599,11.98530305,-109.1702324,-0.445336799,0.319950255,0.412597248,,,
,26.43592889,10.02590198,-103.7635734,-0.320676351,0.39000999,0.34926157,,,
,14.69138271,13.51893918,-90.68678579,-0.218138022,0.429218349,0.302693476,,,
,2.667405015,17.46014396,-71.34138149,-0.129841284,0.392106014,0.256300714,,,
,-2.203652976,21.22407561,-50.35691684,-0.074698267,0.318003772,0.226914985,,,
,-0.965663068,22.09628926,-28.38106331,-0.068470846,0.26087105,0.235988991,,,
,0.158652013,18.50286985,-5.922492841,-0.085924465,0.250725586,0.28067421,,,
,-5.332403608,10.97426172,11.99767893,-0.106517941,0.311480938,0.344225382,,,
,-20.79137788,1.887895935,24.51852563,-0.114530377,0.306686544,0.394146993,,,
,-35.58944533,-8.274140815,31.94423054,-0.106745872,0.235656371,0.405490214,,,
,-44.63003179,-16.89835884,36.99330652,-0.111543119,0.158527829,0.407780632,,,
,-50.07038065,-26.21665794,36.38430968,-0.143139653,0.136915698,0.4364421,,,
,-55.44031299,-36.49116631,34.43785746,-0.200739246,0.178534149,0.490694292,,,
,-64.21344275,-50.31795571,30.87852904,-0.262323038,0.277877982,0.580907034,,,
,-78.99397769,-65.44931271,27.32544587,-0.288414271,0.351767992,0.643054638,,,
,-91.64734953,-78.02120995,22.88737208,-0.252186748,0.357052905,0.644570948,,,
,-96.57140612,-83.61608552,19.37743263,-0.20178053,0.330713252,0.634819674,,,
,-96.68588308,-84.58192048,16.17889574,-0.186067278,0.329071458,0.648449949,,,
,-87.70975438,-85.04928215,12.02896243,-0.194089297,0.305773802,0.69600367,,,
,-66.35177854,-89.59856704,7.303435719,-0.277889908,0.299402548,0.814499388,,,
,-44.53990553,-101.5374605,7.371732288,-0.385299796,0.431798267,0.971116208,,,
,-37.48857124,-113.362851,9.754835645,-0.361875739,0.65485423,1.118709174,,,
,-49.27242232,-120.2883638,20.14055512,-0.359646585,0.794869317,1.213765138,,,
,-26.99049474,-85.30734234,10.21463428,-0.268330173,2.723091335,0.36818104,,,
,-245.2757836,-107.0769311,-16.81270165,-2.968525688,1.006496024,1.777359939,,,
,-42.23947998,33.66121317,-28.36186923,-0.931406728,0.874802752,1.536329358,,,
,-79.04124671,-59.79949049,5.994800115,-0.029432926,-0.315047808,1.953398675,,,
,29.30851009,17.38044553,1.840684213,0.30232212,-0.41252844,0.960005403,,,
,-0.839096691,15.32621995,2.740056064,-0.66550581,0.688639144,0.993553619,,,
,19.6615624,2.755354037,12.72693962,-0.996427727,0.046898675,0.845155861,,,
,22.06804244,-15.25889741,15.12769007,-0.230028236,0.603667788,0.683414373,,,
,1.839538297,-2.270574446,6.768866096,-0.059967992,0.718647503,0.73883843,,,
,-2.835797311,-1.084322627,-0.429030797,-0.304421203,0.550982977,0.803159633,,,
,-2.937210841,-3.330145297,-0.605730981,-0.350297655,0.461469623,0.849114781,,,
,4.771306039,-2.029187327,2.849147228,-0.385104179,0.384312844,0.882404587,,,
,8.430672885,-0.761346318,3.270901461,-0.292807339,0.498275943,0.86109052,,,
,4.841894439,2.514826354,1.656592873,-0.261835474,0.567887666,0.786675433,,,
,0.761747389,3.102509165,0.318679126,-0.317055046,0.503208767,0.800244852,,,
,0.710926032,3.235549965,-0.300745547,-0.343989297,0.44605423,0.841167584,,,
,3.952606645,2.875560582,1.591791346,-0.369261366,0.418294495,0.858790418,,,
,8.898836699,2.60856225,5.002666397,-0.40632314,0.421419572,0.877519776,,,
,13.52764813,-1.354071157,9.200498978,-0.378685831,0.439931193,0.855938328,,,
,16.71105894,-0.193831622,10.94979642,-0.331350765,0.479967992,0.837836493,,,
,18.8077407,-0.77910801,12.00484091,-0.328142508,0.513939042,0.826947401,,,
,18.23558504,-3.221856274,11.97791189,-0.331281448,0.505490112,0.820006626,,,
,16.80634182,-4.84011827,12.20142273,-0.315493374,0.497021713,0.803306422,,,
,16.21000735,-5.021172933,12.85975123,-0.324968603,0.480836391,0.80737737,,,
,17.96486248,-6.251599798,14.36771885,-0.367550459,0.470870846,0.824652294,,,
,19.23132839,-8.655673411,17.50477737,-0.36598685,0.496272987,0.837103466,,,
,20.3878437,-10.92206527,20.1258301,-0.36599317,0.498575127,0.840217431,,,
,19.18165295,-14.93231147,22.08150695,-0.346245973,0.480880632,0.812526402,,,
,19.15718765,-15.52217152,21.20092811,-0.302872681,0.500093986,0.796806116,,,
,15.83913177,-12.3266713,17.21594935,-0.236636188,0.495391641,0.764194088,,,
,11.3247973,-9.647749833,14.34926961,-0.249244546,0.526234353,0.776979001,,,
,8.733824854,-5.97423093,10.99781029,-0.216094801,0.529320999,0.75057788,,,
,5.424076855,-1.261080107,6.515160384,-0.239777574,0.510821509,0.765850561,,,
,3.950715885,0.325382732,3.267406418,-0.25399633,0.495394699,0.777027013,,,
,1.776799418,3.506845481,0.536002017,-0.225603772,0.512317023,0.767085015,,,
,-0.706571553,8.700192232,-3.008028424,-0.186201325,0.524561366,0.761546789,,,
,-2.14916469,12.25373377,-5.411872854,-0.280805607,0.512377064,0.794772477,,,
,-2.665055888,9.97278879,-5.177074749,-0.298911825,0.527079205,0.796768705,,,
,-3.598518728,7.114245055,-5.570811346,-0.33123894,0.511714067,0.806026096,,,
,-3.603331574,7.717970684,-5.721327359,-0.2886579,0.540167992,0.795005912,,,
,-5.137025,7.758077729,-6.306202676,-0.313886952,0.538663303,0.804905912,,,
,-4.868708864,8.276260759,-5.891667712,-0.29346157,0.496927829,0.810577064,,,
,-2.421033163,9.792708155,-5.999269185,-0.309249541,0.503085219,0.826495413,,,
,-1.960432392,11.36988908,-5.980361578,-0.2871263,0.52777472,0.807383792,,,
,-1.979454591,13.40669674,-7.661075974,-0.300553313,0.526989093,0.821680122,,,
,-0.75303843,15.78750827,-7.882466867,-0.284017941,0.553899185,0.831460856,,,
,3.94114749,19.81660478,-8.563198023,-0.249566055,0.532708869,0.899815291,,,
,8.683232681,28.79279078,-7.759796603,-0.309440469,0.478159939,0.890191131,,,
,15.62576228,31.43338137,-4.344567073,-0.449572171,0.450918654,0.862239857,,,
,24.14381123,29.67428635,2.541411596,-0.432411723,0.405947299,0.909954332,,,
,48.09402003,25.91230276,13.94854293,-0.457898981,0.402532926,1.016243935,,,
,72.22390839,26.57206366,29.82033329,-0.449829358,0.484449032,0.969581244,,,
,65.8269492,34.26207401,45.48717665,-0.444816412,0.649711009,0.914600815,,,
,99.51744051,36.79615174,50.54433133,-0.583882365,0.507718756,1.041086952,,,
,90.96999882,33.24203725,50.4469858,-0.49130367,0.579355759,1.196134659,,,
,190.8301254,-17.94841859,41.33380559,-1.286270948,0.327027115,1.24097105,,,
,196.3714867,-49.04008794,30.94333057,-0.918869725,1.424267992,0.849192762,,,
,105.9119933,-15.22595234,-14.86647861,-0.116156473,2.330399796,0.471212946,,,
,-28.44695346,60.93509284,-80.61968814,-0.172168094,1.394038736,0.502527217,,,
,-38.11372549,70.55499692,-117.7757147,-0.863580938,0.426308665,0.764360652,,,
,2.991240761,21.11252072,-136.0546153,-0.936248522,0.321446687,0.810896534,,,
,9.483425538,-2.764292178,-145.9257041,-0.510192864,0.621744139,0.613659939,,,
,-17.43327224,13.21131814,-144.0262917,-0.190672069,0.718665749,0.432445872,,,
,-37.5339495,30.68343692,-131.1720982,-0.13709103,0.567547095,0.373407034,,,
,-35.9048013,32.94175006,-105.4853116,-0.147474006,0.385556677,0.369400917,,,
,-24.97849615,24.85955011,-73.6804244,-0.064727829,0.323754027,0.329304893,,,
,-19.89704806,22.79535506,-40.56799021,0.029040061,0.342034353,0.316320489,,,
,-24.19423152,19.90529865,-9.129452212,0.017951478,0.317324567,0.332071254,,,
,-26.8539589,12.09502446,13.13597419,-0.013635168,0.200197146,0.326343629,,,
,-26.11604656,2.902833373,27.21154186,-0.067272783,0.080054638,0.319558104,,,
,-23.96046474,-6.987277607,30.40068224,-0.106763405,-0.011666769,0.332716004,,,
,-23.87240113,-16.27457969,26.47552028,-0.136789399,-0.009407645,0.370716208,,,
,-30.96510297,-22.65515229,18.56830163,-0.14946371,0.043682467,0.415416208,,,
,-37.61187176,-28.87902093,12.51952889,-0.170075229,0.092856065,0.482054332,,,
,-46.04833152,-39.92071978,10.21830121,-0.184320591,0.204507136,0.54400581,,,
,-55.06668721,-48.8287811,14.39860128,-0.149665647,0.273743425,0.565116106,,,
,-63.03051408,-54.70177039,19.64380071,-0.130771254,0.306034149,0.577962997,,,
,-69.95241721,-61.4555677,26.23172673,-0.110374516,0.318185627,0.611723751,,,
,-70.7629233,-68.67586724,33.31039111,-0.093207849,0.319446993,0.671965545,,,
,-68.49068728,-77.77924987,42.47296028,-0.077667074,0.309855046,0.747769623,,,
,-60.61893472,-85.25342701,57.17477083,-0.063620183,0.278812436,0.786254536,,,
,-50.28592737,-82.28573482,70.75581863,0.037943833,0.32006789,0.810448522,,,
,-43.3523932,-66.65510239,83.46608517,0.118809684,0.418077064,0.93627686,,,
,94.97405708,37.19332609,19.04362742,-0.346821611,3.711239959,-0.596633333,,,
,-150.8410517,-179.7407564,-25.26783984,-3.275649745,2.129799592,0.947834659,,,
,-71.80238334,33.30110919,-26.77277078,-1.233720999,0.561590316,1.988789093,,,
,-26.75695715,-18.95648054,3.405947613,0.596487564,-0.80833527,1.565827829,,,
,24.03254283,5.623466168,-1.899698866,-0.01930367,1.024732212,0.945276962,,,
,-3.192062468,22.84743693,3.292616561,-0.779052396,-0.009202752,0.822211825,,,
,25.94123713,-26.61555116,15.83282923,-0.819619368,0.301170642,0.777105199,,,
,14.00853161,-6.113574266,17.09373745,-0.129183588,0.725144343,0.707781855,,,
,6.233437036,-7.385769754,7.870033682,-0.242987156,0.550806932,0.800981346,,,
,3.473270154,-7.966806254,6.649862762,-0.349436799,0.520892661,0.840660958,,,
,12.49311554,-10.37976071,10.50374878,-0.353572681,0.45359684,0.893481142,,,
,18.23529856,-8.405233559,12.49867323,-0.340994903,0.442740673,0.898614373,,,
,23.49178526,-13.26007684,15.62748116,-0.372270744,0.520968094,0.838849745,,,
,15.90106851,-13.77293137,13.2022654,-0.23893262,0.600267482,0.773002243,,,
,11.79679993,-9.718968487,12.04099454,-0.287146687,0.48922579,0.802644852,,,
,10.45888618,-6.717529077,10.2414487,-0.255685831,0.458256881,0.808085525,,,
,10.45006263,-0.369385891,7.97677572,-0.269884302,0.452103874,0.8146158,,,
,13.97564383,0.578229007,10.86878019,-0.370847604,0.478374414,0.88226371,,,
,18.69801928,-3.955700618,14.65076,-0.36447737,0.453032212,0.847866871,,,
,22.62054564,-3.872679033,17.84425487,-0.356613863,0.496904281,0.866429052,,,
,21.83977605,-10.26900797,21.64479851,-0.364386748,0.540216718,0.841816922,,,
,16.91079203,-15.01642167,20.86746667,-0.276035678,0.554798471,0.791637513,,,
,11.39114581,-13.36979826,19.10711114,-0.260988175,0.560266667,0.761767074,,,
,7.158821171,-10.83818424,14.89885073,-0.23975158,0.517021814,0.758088991,,,
,4.52000675,-11.43572193,14.9168416,-0.315490622,0.558657492,0.822082569,,,
,3.419755896,-13.17201323,16.37364409,-0.277654944,0.50774577,0.793136901,,,
,3.40789567,-11.22584749,15.20240377,-0.238301427,0.501430785,0.80000051,,,
,2.988318676,-9.024314456,13.82736236,-0.262745362,0.509164934,0.81378736,,,
,2.671473016,-8.42883942,13.26093628,-0.249275943,0.501536799,0.780818043,,,
,1.885775991,-5.56668605,8.590871884,-0.227222426,0.495310805,0.77797105,,,
,-1.345935157,-3.508105988,3.984749578,-0.200395719,0.503776656,0.761829664,,,
,-0.569348161,1.479835393,0.690929805,-0.192527421,0.50451315,0.764760958,,,
,-1.820917169,1.627887688,-1.426034656,-0.279283792,0.532326504,0.821205607,,,
,-4.199952526,-0.500421338,-2.968780815,-0.258787666,0.515344852,0.808267992,,,
,-3.200714131,0.937187065,-4.02720575,-0.206744546,0.515282161,0.783761876,,,
,-3.908431599,3.064063697,-4.684846708,-0.282406524,0.501559225,0.80100632,,,
,-3.01026296,1.413544176,-5.251501967,-0.287163201,0.489202039,0.80886371,,,
,-2.006097128,2.451170743,-6.003337186,-0.227294597,0.517549337,0.812218247,,,
,-2.4218926,4.715729133,-6.968140817,-0.227250459,0.520693782,0.796677064,,,
,-3.553598837,7.227003149,-8.349198286,-0.261894088,0.535447197,0.798273089,,,
,-5.202685963,6.788403957,-9.558311121,-0.27138053,0.523097859,0.807792966,,,
,-5.844971651,7.190448442,-11.46677624,-0.277704383,0.515379205,0.814140571,,,
,-6.761876011,7.339016398,-11.73377457,-0.296648318,0.522308257,0.832464322,,,
,-8.9422669,6.269705265,-13.57440149,-0.254036901,0.520760041,0.800397146,,,
,-10.06881652,12.42957452,-15.34352327,-0.205137717,0.547679511,0.782233945,,,
,-11.47943861,15.51128532,-16.51648247,-0.339295515,0.506086137,0.872270744,,,
,-5.550643232,11.73641018,-14.34726426,-0.394672783,0.59680265,0.994972375,,,
,-4.921249094,11.29465972,-10.44066613,-0.377260245,0.507508155,0.933769827,,,
,2.998116255,11.87277413,-8.991082904,-0.424645872,0.456613456,0.967397961,,,
,4.127416069,11.95207149,-7.895243825,-0.376462385,0.495194088,0.925954434,,,
,7.596274448,16.76514616,-7.973337973,-0.233795923,0.510347503,0.885420183,,,
,40.5707404,4.517657623,4.976310338,-0.422037717,0.261689399,1.108428746,,,
,61.71259656,-13.25033656,13.48903078,-0.587030377,0.486160245,1.033343323,,,
,110.3651359,-18.65825601,-2.691411947,-0.867853823,0.973952294,0.770193884,,,
,122.2260498,-50.63182199,-14.96388144,-0.446905505,1.360773394,0.744253007,,,
,78.19922794,38.3769996,-45.80195966,0.163570438,1.726194903,0.51728787,,,
,31.50557406,95.54644192,-51.08262518,-0.387278899,1.396478899,0.840905505,,,
,38.16254149,82.30510079,-40.91743716,-0.788295107,0.954891539,1.053618349,,,
,63.86428227,56.03040222,-29.21695144,-0.63693262,0.80134893,0.94648369,,,
,63.71800614,61.58373836,-28.77938357,-0.393907441,0.805903364,0.774606014,,,
,51.72428062,73.73903798,-32.40408647,-0.427068094,0.694945362,0.770480938,,,
,45.32313883,72.1463872,-35.29087702,-0.466584404,0.514591437,0.764810296,,,
,44.72605952,65.02096946,-35.15795082,-0.409747706,0.419082569,0.684041182,,,
,38.19795029,61.49074731,-34.71740357,-0.327607238,0.364475637,0.577901019,,,
,31.32938953,60.28702027,-31.59025722,-0.273060347,0.274470642,0.471543323,,,
,28.96972015,59.97613337,-27.05884861,-0.231175025,0.152830275,0.377849541,,,
,29.59819756,59.71927639,-20.42342438,-0.204300815,0.105124771,0.325840469,,,
,26.66465364,57.59251436,-13.74382511,-0.212193068,0.100501937,0.330675331,,,
,20.64051809,51.1610631,-8.271619801,-0.228024261,0.085026504,0.355880122,,,
,12.4190321,39.53414516,-4.72105764,-0.239137003,0.071068094,0.384089602,,,
,0.912721768,27.73975165,-5.281983322,-0.2123842,0.050923445,0.386549439,,,
,-12.3456362,17.17440991,-7.403015784,-0.157273394,0.016835984,0.382117023,,,
,-23.63800409,6.020984286,-10.26809124,-0.132118654,0.025938634,0.40254893,,,
,-34.99654861,-6.034162315,-10.97924645,-0.106979205,0.068146585,0.439369623,,,
,-47.59302573,-19.39880396,-9.709571979,-0.099217533,0.133444444,0.50306055,,,
,-61.99414802,-35.58778375,-6.120105984,-0.085089501,0.214995923,0.547205199,,,
,-74.3266062,-49.46969169,1.574831796,-0.040194393,0.281123038,0.566521407,,,
,-83.53776219,-60.47002299,12.21763743,-0.017383486,0.373462793,0.606602548,,,
,-93.32783474,-69.50098376,23.89789775,-0.006424465,0.484271967,0.667200408,,,
,-102.6847512,-76.72770043,36.31710173,-0.011254128,0.56888104,0.733548114,,,
,-107.8442361,-82.07643334,44.07363247,-0.019301733,0.593311519,0.806069929,,,
,-104.7266009,-91.1508243,49.13961071,-0.084982161,0.583813965,0.921037207,,,
,-95.14158994,-106.8793752,53.83207775,-0.163279409,0.565856575,1.039384709,,,
,-81.53321205,-122.3942702,59.35069265,-0.192602243,0.556436901,1.105329562,,,
,-67.77930288,-132.4717383,66.04782443,-0.235999898,0.574167686,1.142110296,,,
,-61.97999597,-133.4806597,72.03511879,-0.228124465,0.612664118,1.154443119,,,
,-175.0741298,221.9916383,-94.3439181,-1.751139348,1.805092253,-0.86528318,,,
,14.04256531,171.7013564,-88.57726977,-3.76101947,3.843377064,4.251085831,,,
,-73.75015336,-153.8647792,-5.750261728,0.091466259,-1.63416789,1.08212844,,,
,23.12245667,32.35274945,9.102580491,-0.556699796,0.757114679,1.560203568,,,
,16.54071859,31.43527213,-2.501648325,0.326285423,0.901355148,0.663540673,,,
,-1.949889968,0.386975695,2.631423266,-1.157607136,-0.239951478,0.948543017,,,
,23.41495162,-15.11984055,15.8821609,-0.455339246,0.591911723,0.707183792,,,
,4.553238302,-3.896571373,9.986883552,-0.268012538,0.581949847,0.744868603,,,
,1.884515484,-11.63814792,4.797547506,-0.271337207,0.557057288,0.802417227,,,
,-2.922543121,-4.899362106,1.444827672,-0.286335984,0.60173476,0.830052701,,,
,2.361502848,-4.219776865,2.44280556,-0.412632824,0.406017227,0.876078797,,,
,7.695797217,-4.712864344,5.338878031,-0.369268603,0.424447401,0.863466463,,,
,7.110005167,-1.39245933,4.123405364,-0.252467788,0.547710703,0.811296534,,,
,0.026642537,3.171435988,-0.721239273,-0.268186646,0.523150866,0.791396534,,,
,-4.381981217,4.93053101,-3.700505216,-0.315570642,0.464554638,0.821900204,,,
,-3.36091313,4.774457307,-3.739122571,-0.349508767,0.433734862,0.839714679,,,
,-2.00987865,5.577400361,-2.325005437,-0.350279715,0.44608736,0.837424465,,,
,-0.991388873,6.184964807,-2.356632707,-0.358931091,0.453063507,0.835303364,,,
,-0.469424322,5.602037546,-1.376130032,-0.353395821,0.469257288,0.832099592,,,
,-0.322804422,4.586355263,-1.279128278,-0.34705107,0.472383384,0.816414781,,,
,0.9177065,3.45459173,0.11797201,-0.355703976,0.467801427,0.811161774,,,
,-0.308652364,3.444851447,-0.260982276,-0.334462997,0.4615421,0.817661162,,,
,-0.445589277,2.610739489,0.758997191,-0.334472579,0.459987564,0.820767584,,,
,1.076931472,1.034475299,0.924009036,-0.370720693,0.45236208,0.826243017,,,
,2.196720187,-1.03745468,1.592307008,-0.365994292,0.463135168,0.829265647,,,
,3.128464153,-2.528634637,2.880373428,-0.372301121,0.475471152,0.83565209,,,
,3.930375883,-6.185709652,3.325275156,-0.356537105,0.480065138,0.832192355,,,
,3.940975602,-7.331052284,4.188378778,-0.347072987,0.453862487,0.818710907,,,
,4.889679119,-7.431663673,6.00070158,-0.34707737,0.458478695,0.821829358,,,
,3.546723343,-4.62955628,4.305032985,-0.309234149,0.467668909,0.809324771,,,
,2.531900497,-3.817216719,4.041243216,-0.337611621,0.453849745,0.814608665,,,
,3.648824423,-3.065954458,3.804210577,-0.321070234,0.456115596,0.814235984,,,
,3.656616649,-2.197866102,3.862594976,-0.334488481,0.446097655,0.822295413,,,
,3.258239094,-1.372978764,4.121400012,-0.33920051,0.452293986,0.819305708,,,
,3.037363864,-1.601015967,3.243342191,-0.356516106,0.446197452,0.813470031,,,
,3.63134921,-1.27706563,2.377545667,-0.315568909,0.456853109,0.818775841,,,
,1.288123715,1.09921953,1.592249713,-0.295863405,0.475307747,0.818362691,,,
,0.911174782,1.220686583,0.458366236,-0.31553527,0.476931498,0.812595821,,,
,-0.481972097,2.253041938,-0.890204526,-0.307655963,0.478454128,0.811641896,,,
,-1.194960778,3.414656572,-1.352925242,-0.331290724,0.467727319,0.811382365,,,
,-0.681991664,3.368418878,-1.19072089,-0.353364526,0.464679613,0.818875535,,,
,-1.134341843,2.621511096,-0.688122312,-0.351784098,0.470845668,0.81885158,,,
,-0.074140739,2.351762566,-1.086614458,-0.365977676,0.463158818,0.823046687,,,
,2.538890582,3.988015437,-0.524370974,-0.3597158,0.466166667,0.838456167,,,
,5.658072818,5.009484594,0.045836624,-0.355905097,0.55996208,0.916284709,,,
,9.333482483,12.6972604,-1.135659646,-0.306266055,0.525949745,0.896430785,,,
,15.73874956,17.09826382,-3.023039919,-0.347395515,0.437223547,0.934506116,,,
,20.26379834,24.47830399,-4.138588746,-0.249555861,0.520397044,0.892017737,,,
,20.98417818,42.16642786,-1.540282441,-0.213656983,0.343398471,0.958479511,,,
,49.34599011,37.62837294,9.470591283,-0.395007238,0.344404587,1.039570438,,,
,53.52841012,47.97788148,18.72385967,-0.372981244,0.590830071,1.128164832,,,
,115.2149944,57.38756735,22.84766611,-1.341207543,1.157485117,0.548149541,,,
,174.1971606,-9.507260582,-3.147944718,-1.123078389,1.238107543,0.877580938,,,
,113.8383487,7.534967964,-25.65412798,-0.383526911,1.890384302,0.773382671,,,
,33.32242322,62.44042485,-41.42020763,-0.429406524,1.614429867,0.76067421,,,
,22.3115495,86.06049536,-41.88768389,-0.688176045,0.83645107,0.681877982,,,
,70.72711344,64.5589363,-31.79153729,-0.828803466,0.427924975,0.717709174,,,
,96.82791932,52.5309479,-28.59746947,-0.608022222,0.599446891,0.671813558,,,
,82.0905281,60.72407248,-35.06347008,-0.440930581,0.7432,0.668285525,,,
,56.68036555,68.56093191,-43.02443216,-0.43482263,0.608856983,0.697421305,,,
,47.34401827,59.98982707,-46.2643366,-0.477549439,0.401462283,0.705762691,,,
,42.3858707,44.233545,-45.69143611,-0.387592559,0.34982895,0.622769725,,,
,30.86065276,35.64989238,-44.43281972,-0.258158206,0.345215189,0.517203772,,,
,15.45817213,31.29942384,-40.2123553,-0.193426402,0.282067584,0.439427319,,,
,8.011325075,24.89157845,-29.11381904,-0.153989908,0.154148012,0.376092355,,,
,6.682349469,21.27415212,-17.60046133,-0.089316208,0.061642304,0.31069684,,,
,4.686565581,18.40403463,-6.751849249,-0.065683996,0.040008665,0.30156524,,,
,-0.644405632,14.03649195,-0.277025094,-0.081581244,0.032143017,0.353992559,,,
,-8.671658934,0.25467974,2.752890318,-0.162238022,0.076599592,0.491171662,,,
,-24.59747922,-21.93162119,4.885152753,-0.174979205,0.111875025,0.555271254,,,
,-43.15735837,-38.79176374,1.151874351,-0.107217227,0.092459429,0.53658736,,,
,-56.52795877,-52.57397703,-3.000121607,-0.048827217,0.063939653,0.485451988,,,
,-63.10379539,-61.0917395,-4.132629985,-0.021209174,0.096290826,0.4755579,,,
,-66.93344529,-69.30835535,-0.176127226,-0.053594699,0.224136493,0.552723649,,,
,-75.36772781,-78.46679923,10.75355838,-0.061507849,0.358155657,0.609910499,,,
,-83.71154029,-86.93368304,25.90622941,-0.112038838,0.452112436,0.688200917,,,
,-92.01455818,-97.79169163,41.189764,-0.134965647,0.489034353,0.733102956,,,
,-98.90300057,-105.0502648,49.61980664,-0.096436086,0.434904791,0.738337207,,,
,-98.9541657,-107.0055978,52.42437775,-0.068184913,0.356095821,0.750753211,,,
,-94.04890213,-104.7553061,50.14033879,-0.044682263,0.340440469,0.792161876,,,
,-85.91181282,-98.61783947,45.46660747,-0.044906014,0.369396126,0.885501835,,,
,-74.55928436,-91.65571471,41.40989439,-0.054517941,0.396928338,0.954956167,,,
,-58.49813145,-80.64163243,37.45367811,-0.045520285,0.538006728,1.170344139,,,
,33.47242357,78.11677931,-24.95655187,-0.68509419,3.017885423,-0.958726911,,,
,-29.6383619,178.0740795,-105.4988334,-2.709747095,1.9778579,1.914833231,,,
,-136.9430437,-175.4507923,-16.32242167,-1.410673496,-0.430159531,1.874284506,,,
,37.49103496,28.67430311,14.2639562,0.028426402,-0.030059939,1.610617533,,,
,29.23161916,12.3756019,0.334034395,0.315781142,0.608254128,0.669425076,,,
,4.969835915,16.83607833,5.99078941,-0.798227421,0.142231193,0.973745056,,,
,34.54780806,-10.62005921,23.52003208,-0.976118451,0.021946177,0.899833537,,,
,23.2726862,-11.58698279,25.26142271,-0.206112232,0.762712946,0.625658919,,,
,8.541941289,-15.68225592,14.786551,-0.231715902,0.646654128,0.739503874,,,
,-2.505830917,-11.91362603,6.95032183,-0.250795821,0.637210499,0.803660449,,,
,-1.761272262,-12.54307746,4.786775899,-0.322000408,0.446669521,0.864764322,,,
,3.986124677,-8.656246369,6.073581812,-0.325298369,0.382524771,0.899693272,,,
,8.76293111,-6.079540573,5.906163544,-0.306240571,0.453568603,0.863641182,,,
,7.838463708,-0.255653768,4.757898827,-0.241422426,0.53846106,0.800921509,,,
,1.729415809,4.868651568,0.084683162,-0.252468298,0.515353109,0.801128135,,,
,-0.055920681,4.294662449,-0.66480293,-0.314025076,0.449099694,0.828053313,,,
,3.518476524,3.844947876,0.047555497,-0.323543833,0.418214679,0.843756269,,,
,7.617760365,3.422105023,1.695439412,-0.334640775,0.422768298,0.872001529,,,
,10.83721022,5.545887682,4.792390886,-0.359808053,0.430596432,0.861708257,,,
,12.15380993,6.156660692,4.869453709,-0.347060856,0.475450968,0.821084913,,,
,11.72277378,7.387431332,3.484958493,-0.320234455,0.505487564,0.811981549,,,
,9.677429047,6.420278573,3.193781342,-0.334372579,0.509435882,0.799097248,,,
,7.07276291,6.052038598,2.536942525,-0.332827829,0.495520591,0.806030581,,,
,6.404407642,5.281238477,2.212877596,-0.346243017,0.477032824,0.81018685,,,
,5.93675949,4.35791699,1.891562865,-0.362779307,0.47092212,0.80744261,,,
,4.882975513,2.26604808,3.301497407,-0.35644893,0.486354128,0.80110999,,,
,3.640115464,1.021182678,2.502163987,-0.328091335,0.496292966,0.802037513,,,
,0.857775115,0.570494077,0.764726769,-0.324124567,0.515582671,0.797320999,,,
,-0.560696498,0.225057822,0.896965428,-0.354880734,0.487880428,0.804186442,,,
,-0.063311836,-0.654661577,0.536345792,-0.3454421,0.487835168,0.808635168,,,
,-1.944045799,-0.598511713,0.510619987,-0.340725586,0.489349235,0.812417125,,,
,-1.259246642,-0.919368078,1.750901726,-0.346266361,0.473917941,0.817954536,,,
,-1.254892163,-0.054832061,1.705924539,-0.350212946,0.466213048,0.818806728,,,
,0.110351671,-0.980044309,1.614251292,-0.339180632,0.470811927,0.81778685,,,
,-0.249752303,-1.033329384,1.506191452,-0.329704485,0.480835372,0.811371865,,,
,-1.681631129,-0.93902053,1.127523645,-0.315512742,0.49853476,0.811082977,,,
,-3.026477665,-0.820303675,-0.17526779,-0.328113761,0.489327319,0.808243017,,,
,-2.523535313,-0.983195576,-0.427025445,-0.323395923,0.490073089,0.811246177,,,
,-2.538088441,-0.909341317,-1.403345528,-0.352569419,0.466228848,0.816528542,,,
,-2.209955512,-1.481955337,-0.118258489,-0.35967788,0.452353619,0.819772681,,,
,0.075401246,-0.28223901,-0.49022269,-0.328181855,0.467658919,0.826857798,,,
,1.359342369,0.037757919,0.146906379,-0.32188002,0.473805301,0.828280734,,,
,1.974928224,0.855368692,0.316158111,-0.313982569,0.484598777,0.8234579,,,
,2.591258924,2.682359214,0.183518382,-0.30924475,0.474587258,0.815557085,,,
,3.592158897,3.819336662,-0.871354215,-0.321823751,0.496227319,0.8143316,,,
,6.471157226,7.842703596,-0.54247644,-0.348699083,0.493855148,0.85069633,,,
,14.11217968,13.88717915,-1.474678773,-0.26378787,0.538078491,0.918805607,,,
,17.89988907,25.43623213,-3.235263486,-0.309426198,0.499751376,0.891787666,,,
,19.55951862,31.41046306,-2.593550755,-0.30932314,0.601591233,0.885766055,,,
,34.63231934,36.27556229,-1.739671753,-0.449964934,0.368695617,0.983349439,,,
,59.86159911,40.10045664,1.611672982,-0.309571152,0.392458919,0.911791233,,,
,79.77950283,47.26477821,-7.272610589,-0.136907849,0.49663262,1.169237411,,,
,104.9039886,58.33397904,5.273159772,-0.529459327,0.572801019,1.326803772,,,
,205.9189116,5.827553734,7.59530042,-1.233462385,0.533754128,0.995316616,,,
,191.5969721,-19.54966374,19.27670665,-0.6733158,2.396673904,0.92556157,,,
,41.04417543,47.58328545,19.91183037,-0.224872783,2.495183996,0.833134862,,,
,-11.29511809,98.70172049,24.4007828,-0.496979715,1.166482773,0.558458002,,,
,35.4907247,86.52367445,28.78236295,-1.000484302,0.33984893,0.688026198,,,
,77.6553764,54.05484374,23.14611982,-0.875229256,0.460477064,0.713390112,,,
,63.19856261,53.62048444,-0.404508203,-0.615806524,0.663543833,0.658124771,,,
,31.32205567,63.92266667,-28.2915673,-0.567069623,0.450637513,0.623949541,,,
,27.71671875,54.52690367,-51.10789262,-0.614529358,0.146946279,0.604226911,,,
,36.131578,36.22479823,-68.78157795,-0.516791845,0.08051631,0.552120285,,,
,30.29989897,22.78762013,-82.1868996,-0.352700815,0.137437411,0.464540367,,,
,15.36592592,17.94406412,-90.51048667,-0.239129154,0.12654791,0.398966972,,,
,5.070619191,10.31301113,-89.64056485,-0.161837717,0.055599898,0.334103262,,,
,-0.651854084,4.797719393,-83.96071964,-0.062488685,0.007707034,0.274223038,,,
,-5.28880152,-1.315281915,-74.45993348,0.008483894,0.015332212,0.241527115,,,
,-11.59305614,-7.482656917,-61.99460639,0.033662385,0.06452946,0.265923547,,,
,-21.91271358,-16.27818933,-46.10488245,0.030490928,0.13230367,0.295666565,,,
,-31.93271409,-24.20156538,-28.2033891,0.054048828,0.164491845,0.331726504,,,
,-42.19089316,-34.33976708,-6.30574431,0.019285015,0.22298634,0.392486952,,,
,-52.0801447,-44.66228931,16.26163085,-0.014690112,0.24604159,0.441500408,,,
,-62.03643231,-55.18781049,35.43342892,-0.0659316,0.255366871,0.463674414,,,
,-69.71246248,-60.27430061,44.6963803,-0.072259429,0.213745056,0.460628033,,,
,-74.3999448,-63.99193726,47.38412532,-0.135393272,0.218370234,0.511047401,,,
,-78.24701262,-65.65637966,45.88343426,-0.137859123,0.296810601,0.574997248,,,
,-87.01023021,-63.60553453,43.87848305,-0.119960652,0.368866769,0.678890724,,,
,-92.98400277,-65.80913021,44.55686508,-0.185007339,0.431564628,0.874825892,,,
,-97.92335733,-80.91115177,49.78206828,-0.274426606,0.525210601,1.065158716,,,
,-106.008594,-97.33916956,56.28525385,-0.294325994,0.59276371,1.166018654,,,
,-112.3571955,-110.1781224,57.17620322,-0.264468603,0.589493578,1.190982977,,,
,-115.4253272,-114.4368604,57.66012338,-0.17382895,0.580080122,1.160914679,,,
,-103.7650631,-107.763621,71.08085759,-0.010696228,0.655249235,1.143350866,,,
,-33.21992107,146.5456444,2.768933137,-2.63003894,1.738447401,-0.295035066,,,
,73.91379011,212.0955112,-53.43215321,-3.921716004,5.560254332,4.816224057,,,
,-79.4242117,-150.8681526,-3.85887075,0.644927217,-1.980099796,0.743914373,,,
,46.4368542,14.92841535,13.01095479,-0.698051376,0.157622324,1.510949847,,,
,36.21253693,18.3365402,12.22015845,0.053307339,0.648784506,0.765657288,,,
,20.66870761,2.364023863,16.49866349,-1.146416208,0.02218736,0.970565851,,,
,34.28229942,-16.99782432,22.4500334,-0.350324873,0.76455423,0.660820387,,,
,6.566497403,-5.8592383,11.28795611,-0.073873598,0.803819674,0.664699694,,,
,-1.119273053,-8.505386581,3.651001662,-0.279249439,0.580140367,0.823630377,,,
,-2.082586994,-6.489262692,2.728997978,-0.34945739,0.533189602,0.85234526,,,
,2.936294108,-7.272381406,4.38072071,-0.363756473,0.447541794,0.871159225,,,
,5.283415716,-5.33183065,4.891111514,-0.309277778,0.501504077,0.836598165,,,
,1.575232866,-2.401953669,2.03526068,-0.274492966,0.538569215,0.798566361,,,
,-2.217461259,-1.080311923,-0.117284461,-0.272950153,0.507702345,0.800802752,,,
,-1.384896287,-0.661708958,0.258060191,-0.332934862,0.464551886,0.83628787,,,
,0.573530753,-1.033730454,1.567784415,-0.364475127,0.436086544,0.841615087,,,
,3.754936206,-1.55563771,3.200714131,-0.36371264,0.426033231,0.847796636,,,
,7.903036051,-0.914383345,4.702379216,-0.350324261,0.439860449,0.852182365,,,
,8.471753959,-1.749526627,5.73461998,-0.343158308,0.477700306,0.834992049,,,
,9.300308226,-0.402846626,6.629637352,-0.293426809,0.508533435,0.801271254,,,
,6.609411942,1.099334122,3.877491879,-0.265029664,0.51390632,0.78586524,,,
,2.092728347,4.228084753,0.70267544,-0.280768094,0.49317054,0.774523751,,,
,0.074541809,7.452633929,-2.285528645,-0.280822222,0.453802956,0.782221101,,,
,-2.946492757,10.2047794,-4.258737995,-0.296593374,0.455361876,0.790356881,,,
,-4.643078084,10.98285609,-5.714681049,-0.331301937,0.439976962,0.806664424,,,
,-5.60713687,9.874583824,-5.42808756,-0.337632722,0.433789195,0.816124465,,,
,-6.678911722,10.58929138,-8.67985223,-0.307766871,0.425908767,0.836415698,,,
,-7.545796866,12.06843922,-8.777656126,-0.308448012,0.500021305,0.820252599,,,
,-8.299752029,10.67282862,-8.075209869,-0.374599286,0.483274312,0.813954842,,,
,-6.355477047,9.121946465,-6.878014556,-0.350173904,0.504788685,0.816549337,,,
,-7.87902912,7.308649635,-6.348257778,-0.337592559,0.50549368,0.824037105,,,
,-8.04151995,6.740676572,-6.66332727,-0.343859021,0.497086544,0.808617125,,,
,-9.404873024,4.535132836,-5.771862237,-0.38484475,0.480212844,0.815737105,,,
,-6.634908563,2.486866014,-4.055968232,-0.362847808,0.458497961,0.829184811,,,
,-3.655413437,2.524165566,-2.523420721,-0.377047401,0.446180122,0.834148318,,,
,-0.875078441,1.762647361,-0.485753619,-0.384927013,0.436953007,0.83275525,,,
,1.06174809,0.606533122,0.303151969,-0.353390214,0.466183792,0.8289842,,,
,-0.467705448,1.166312888,0.13195218,-0.332855454,0.480073191,0.811442202,,,
,-0.477904097,1.251053346,-0.433270685,-0.334427013,0.477001325,0.809140061,,,
,0.340050451,1.960489688,-0.467934631,-0.343899898,0.468523547,0.814780734,,,
,0.242704922,0.704508905,0.08674581,-0.343906218,0.470825688,0.817894597,,,
,1.855409228,1.837762128,-0.961766955,-0.343912742,0.477749949,0.822572273,,,
,2.644028337,3.513262608,-2.635892336,-0.321061264,0.486174006,0.82051315,,,
,5.740292262,7.18924523,-1.898495654,-0.34885158,0.445872681,0.89258104,,,
,11.93127313,12.89395681,-1.050059751,-0.304711009,0.482774108,0.890092253,,,
,16.59308693,20.61565172,-1.234895936,-0.329885627,0.455153517,0.871179205,,,
,20.26425671,23.46336656,-1.106152319,-0.359712742,0.489282977,0.844719878,,,
,23.15809464,28.56933724,-0.357353777,-0.394482263,0.479974108,0.885914883,,,
,36.14361011,30.41179762,4.970981831,-0.381348726,0.417938328,0.961671254,,,
,56.89791762,34.19400662,7.954430366,-0.296934557,0.424058716,0.908455657,,,
,83.54383554,59.84601466,-5.431468011,-0.224261774,0.329038226,1.091614475,,,
,115.5502893,60.45174564,-0.444901728,-0.799687564,0.716347503,1.114819266,,,
,191.6365062,25.20888248,1.950863997,-1.091936391,0.753688583,0.857267176,,,
,195.7737771,-13.92814563,11.34043905,-1.108856065,1.759691743,1.02752263,,,
,92.19257617,9.634285325,-5.464012013,-0.652643935,2.447738328,0.868445973,,,
,13.11093593,60.06144679,-12.10785872,-0.435301121,1.422428236,0.546670336,,,
,30.38051413,73.6816849,-18.27700989,-0.809406728,0.593441488,0.584669623,,,
,69.14265596,49.09812856,-24.82465698,-0.860177064,0.559170234,0.711685423,,,
,64.43718277,38.69900188,-38.39350078,-0.622119572,0.751370133,0.691087971,,,
,40.35261537,43.25372987,-55.00858929,-0.466081244,0.62932895,0.612669113,,,
,33.05049745,40.27847463,-64.86460928,-0.490599083,0.39659317,0.577015902,,,
,36.46578428,27.05323362,-68.78644809,-0.420432518,0.309435168,0.520833435,,,
,32.65194801,18.75101787,-65.72032175,-0.287100917,0.349434964,0.444804077,,,
,17.77292162,17.74702393,-58.4336164,-0.148259327,0.351664628,0.357692762,,,
,6.938862674,19.91933611,-48.49927308,-0.073362895,0.245239246,0.293591437,,,
,4.156350437,17.4419812,-36.53390896,-0.03870999,0.134199185,0.257604791,,,
,6.392719303,11.59586363,-24.26000707,-0.023775331,0.131031804,0.267363201,,,
,1.061289724,3.891013683,-13.64516178,0.010087564,0.175611315,0.282224771,,,
,-9.463601198,-2.354512763,-4.223615683,0.019460143,0.170849235,0.309985219,,,
,-18.73858469,-11.29162304,7.1502841,-0.024808053,0.144551172,0.363800612,,,
,-26.77299996,-25.56457468,15.72517046,-0.069070642,0.144454842,0.423885729,,,
,-38.21554009,-39.4019638,21.47995856,-0.111716514,0.144413048,0.468387666,,,
,-49.23466441,-52.8186873,22.71754739,-0.149589195,0.12747686,0.489428236,,,
,-58.14604888,-64.96682495,22.44980422,-0.149584811,0.122860652,0.486309888,,,
,-67.10074897,-71.78003798,18.52086073,-0.131477574,0.148220489,0.496829154,,,
,-74.30861532,-77.37107474,14.83353354,-0.138730581,0.198082059,0.574823853,,,
,-82.84305087,-83.32072578,11.02084319,-0.116067278,0.257854128,0.659929052,,,
,-90.03567655,-90.39503568,13.80421486,-0.129700306,0.350762997,0.781683384,,,
,-98.70355396,-100.7656864,20.14026864,-0.149595413,0.416011009,0.880206626,,,
,-102.8392206,-109.4440489,29.11278771,-0.126912946,0.374117737,0.925469317,,,
,-99.12284447,-114.1296405,38.11825186,-0.079879511,0.319735168,0.990362589,,,
,-94.28845578,-116.298916,46.34386315,-0.043995413,0.386161672,1.140474108,,,
,-98.11254799,-111.1127312,52.76419902,0.085032212,0.619020387,1.263913761,,,
,-106.6682403,-97.63086237,69.48665982,-0.027102039,0.891644139,1.465219878,,,
,-92.27645719,204.318354,-28.68633522,-2.973397044,2.32956106,-0.701137717,,,
,89.36795153,251.9664983,-99.95002364,-1.305366259,2.666865138,1.769120897,,,
,-189.3661609,-206.4868274,-5.717144767,-1.723318756,-0.064809684,1.987842712,,,
,67.31520707,73.51363638,11.42168446,0.057460652,-0.027629256,1.355000102,,,
,19.12172157,4.979347014,3.225351316,0.03576106,0.371178186,0.759295413,,,
,16.50828918,7.237259093,15.15610878,-1.299332212,0.079465749,1.038681651,,,
,39.02805154,-20.61387555,24.52534383,-0.509158512,0.350557187,0.729703262,,,
,14.31896015,-14.61815871,15.74579694,0.041272783,0.863031295,0.621769827,,,
,1.186079932,-10.64612879,5.569035177,-0.239777064,0.618678186,0.80026371,,,
,-3.421703953,-10.14060813,3.093800206,-0.323382977,0.554034659,0.826917431,,,
,-1.105120995,-7.445242773,3.345672453,-0.320380734,0.47215158,0.856226809,,,
,3.054839076,-5.336528904,4.445464941,-0.369343425,0.399687768,0.883629969,,,
,6.409392375,-3.960570759,4.967200309,-0.286440673,0.505285321,0.83841682,,,
,4.174742383,-0.789879616,1.873801173,-0.244601427,0.514546993,0.804056473,,,
,2.877508639,0.328247521,-0.09041274,-0.280079307,0.464522426,0.802435372,,,
,3.805471084,4.171533819,-0.821449591,-0.290429664,0.430495107,0.833697452,,,
,6.070201361,6.273658674,-0.206092919,-0.344056983,0.41514159,0.856654944,,,
,10.14828576,6.859106949,2.733065979,-0.359069011,0.388153007,0.866272171,,,
,13.48123855,7.560120811,4.330816086,-0.364520795,0.436021407,0.858717023,,,
,16.34957987,6.184449145,6.265866448,-0.353394292,0.495453109,0.839924057,,,
,14.09940272,4.614143716,6.274002448,-0.332823445,0.5055421,0.807604791,,,
,10.146395,4.168153368,4.570828106,-0.313855759,0.521759021,0.787771152,,,
,5.426024911,4.817085367,1.988679211,-0.301275331,0.497039551,0.787435984,,,
,1.56703957,3.993859607,-0.43550522,-0.326516106,0.481650765,0.797309072,,,
,-0.370302623,2.623058082,-0.524256383,-0.337584709,0.470836901,0.80997737,,,
,1.373494426,1.6765891,0.367151355,-0.351820693,0.469252701,0.83206371,,,
,1.189116608,0.297651575,1.84561165,-0.353357288,0.470853211,0.818110194,,,
,1.282795208,-0.018449241,1.585660698,-0.325780734,0.473870031,0.814378084,,,
,-1.697158285,0.194977538,-0.14919821,-0.340738124,0.477004893,0.81317054,,,
,-3.438147841,1.142076773,-0.93821839,-0.309216004,0.493888379,0.810930377,,,
,-5.456907337,1.342841184,-2.918417825,-0.307643629,0.495420591,0.81245209,,,
,-6.751963841,2.064137753,-4.474112831,-0.315528236,0.475400612,0.809483384,,,
,-7.459624014,3.334156001,-4.628467661,-0.309245056,0.481520387,0.81790265,,,
,-7.450399393,4.307095633,-4.567504951,-0.353372885,0.464667686,0.821985015,,,
,-7.453206886,1.072920767,-3.818821,-0.374622426,0.475537207,0.820158818,,,
,-6.95587952,-0.967725716,-3.778599363,-0.339176147,0.478522324,0.818579205,,,
,-7.069153276,-0.632831885,-4.447355702,-0.321844241,0.476938022,0.81584893,,,
,-9.327237243,0.399007809,-5.860785286,-0.299014271,0.472234557,0.817651274,,,
,-8.310638227,2.108140911,-6.502440721,-0.317954128,0.449894292,0.825035168,,,
,-7.488100016,2.625063434,-6.128299281,-0.30613527,0.446015087,0.821648828,,,
,-3.981426423,4.961528027,-4.363761159,-0.351868298,0.422960754,0.835083486,,,
,-0.28888532,4.854728694,-2.511560495,-0.369162181,0.440007238,0.828515189,,,
,2.163030268,3.549874611,-1.613621038,-0.378635066,0.433840469,0.834937717,,,
,4.321476874,3.790058519,-0.192857594,-0.367540673,0.453165647,0.815289602,,,
,6.1741932,6.49023672,0.108690094,-0.362871662,0.435351988,0.830694699,,,
,12.62117161,10.50959295,1.000040536,-0.317374312,0.507375229,0.921521814,,,
,18.84286301,20.00419116,-0.546659032,-0.219781448,0.490044343,0.939473191,,,
,26.08986238,29.82812552,-1.7526206,-0.298547706,0.513375433,0.951419776,,,
,28.42483729,47.88580716,-0.259263402,-0.306061468,0.317107136,1.048371662,,,
,63.0398533,56.23420331,13.14496962,-0.461258206,0.288224873,1.058071865,,,
,92.43699996,67.84771404,10.79635833,-0.233064016,0.341191743,1.14780581,,,
,112.5631738,88.42497759,29.4265394,-0.929981957,1.594792049,0.640681448,,,
,195.1849484,45.54974364,67.39645248,-1.176825382,1.227975841,0.947190418,,,
,113.4202041,38.14712893,53.70946479,-0.650249337,2.374232416,1.12864893,,,
,16.98625057,81.94677299,34.96457756,-0.415579409,1.600022222,0.887033537,,,
,22.12803112,87.00048992,10.29221276,-0.811635576,0.493901529,0.798287971,,,
,74.18703368,40.89474804,-11.00061778,-0.971073802,0.275849439,0.861349541,,,
,83.87683862,17.30905499,-32.70064942,-0.631841488,0.544543833,0.726661366,,,
,54.92390613,25.6117864,-53.86995026,-0.414092049,0.599914169,0.598989195,,,
,35.46597293,35.33562503,-64.51533421,-0.412545668,0.385697452,0.54101315,,,
,36.94036522,30.84604234,-66.23758805,-0.3936263,0.237750255,0.486657288,,,
,37.39792932,25.9484564,-61.28746188,-0.262634659,0.263151886,0.397438328,,,
,26.85017738,28.67132373,-51.6430925,-0.158440367,0.331746279,0.329902446,,,
,11.73388917,32.57442682,-37.32361669,-0.115850561,0.319381651,0.302478389,,,
,1.693262172,29.04030855,-19.24066761,-0.122189602,0.220734251,0.285328848,,,
,-2.153576465,22.92100471,-3.304648675,-0.092234557,0.139793068,0.248730887,,,
,-1.477199787,18.86790126,9.111747816,-0.085981651,0.066518654,0.24300367,,,
,-4.608757912,15.73450967,16.19144352,-0.093923955,0.054120285,0.264148114,,,
,-10.88436464,11.49823162,18.48906157,-0.112915087,0.03709949,0.292531193,,,
,-14.69934683,5.804921901,16.69862576,-0.162686035,0.037796432,0.351188787,,,
,-20.57869594,-5.034981216,14.53966349,-0.250348114,0.126304893,0.471512844,,,
,-33.72744709,-21.07189801,11.5189154,-0.286688379,0.229485219,0.547165851,,,
,-48.73670679,-34.73705602,9.256476955,-0.279579103,0.283422426,0.556437105,,,
,-62.2035641,-44.13155851,6.943045266,-0.25192528,0.318906422,0.534111213,,,
,-71.1607852,-48.86373153,7.760598743,-0.22986422,0.343507136,0.538320285,,,
,-80.93172096,-51.57594184,7.969384564,-0.211017125,0.429658002,0.586252905,,,
,-90.05292258,-54.18702511,9.934858984,-0.200145973,0.495658919,0.665420693,,,
,-93.04359038,-61.73952558,14.2068323,-0.231966565,0.495297961,0.785075025,,,
,-90.51764864,-77.90163366,22.29619423,-0.274794088,0.522731193,0.906589399,,,
,-85.46387441,-92.96801725,29.91189195,-0.261533639,0.556406116,0.965429154,,,
,-79.93139394,-98.76709498,39.14751324,-0.237929256,0.582497554,0.982043119,,,
,-75.16954171,-98.32987088,48.93913278,-0.254499286,0.631807543,1.009723445,,,
,-72.636438,-94.39577078,58.00790876,-0.265655352,0.70561264,1.082412844,,,
,-75.67792716,-89.40381869,67.62632315,-0.305161978,0.765637003,1.150280326,,,
,-69.66020873,-81.89302955,72.04634877,-0.427977982,0.803042712,1.146935066,,,
,-102.9224141,50.76125316,-63.81792998,-0.733298063,0.177919572,0.261866157,,,
,-104.9744051,38.22860353,-46.2549401,-2.00090999,2.272461876,2.583288991,,,
,-47.78422175,-12.40241632,-6.714950767,0.061821101,-0.827838634,1.235182161,,,
,18.87592267,6.753797306,0.77137308,-0.457021305,0.010169623,1.152263812,,,
,12.70980818,8.853171963,6.443999026,-0.387301937,0.490870438,0.854679817,,,
,16.51161233,-2.007472227,13.65954302,-0.864287768,-0.035399286,0.881625382,,,
,21.44042447,-13.36131849,13.69982195,-0.275707543,0.643862997,0.69697156,,,
,6.383322796,-3.993057466,10.63037245,-0.168713252,0.714259225,0.761519368,,,
,6.418502404,-7.031739132,6.127439844,-0.29830948,0.513715698,0.862023445,,,
,7.98966727,-4.542523991,7.661534341,-0.345616718,0.499141794,0.877842508,,,
,15.3988137,-4.640156,11.82430191,-0.421337615,0.418309786,0.895734353,,,
,20.05993996,-3.364923835,14.16271455,-0.351841794,0.507742508,0.852349745,,,
,19.1497392,-2.713127047,12.19964656,-0.269780122,0.560108461,0.810160856,,,
,16.54432822,-1.464365533,11.04141237,-0.2918421,0.524720897,0.802821407,,,
,15.47175123,-0.017589804,10.00693708,-0.295105708,0.493752396,0.835482569,,,
,18.04708193,1.886177062,10.82844396,-0.353478797,0.43986371,0.853808869,,,
,22.32799339,1.161385451,14.17606447,-0.39053211,0.455327217,0.873339551,,,
,28.34021142,-2.938242165,18.95957451,-0.391241896,0.473930377,0.850072579,,,
,29.57602409,-4.218974724,20.56116344,-0.351761978,0.514019674,0.82437686,,,
,28.0961314,-4.617409575,20.74256187,-0.308349745,0.540222426,0.796232212,,,
,23.43105174,-4.860859342,18.92725969,-0.287022732,0.542560245,0.773208359,,,
,17.04979159,-3.849989904,14.68095488,-0.258633231,0.551003772,0.761695209,,,
,14.31764234,-3.925906812,15.10815221,-0.309102039,0.540275025,0.783035066,,,
,10.87783292,-5.28295735,13.61084161,-0.320137003,0.532590826,0.78404893,,,
,9.816600496,-7.797325338,14.60429313,-0.300469623,0.540205403,0.794497961,,,
,7.156701227,-9.232699207,13.98991048,-0.306007339,0.518615189,0.796913863,,,
,5.902439318,-10.49343554,12.67548801,-0.26974475,0.526261468,0.785996942,,,
,4.320216367,-6.58540501,8.825097031,-0.227159939,0.534690316,0.767164322,,,
,3.698041497,-6.965161437,7.844307877,-0.314718654,0.567107339,0.830632008,,,
,2.481308323,-13.01376229,9.684419132,-0.328079918,0.563334047,0.819269521,,,
,1.588124417,-17.32572806,11.74764015,-0.356494495,0.54483945,0.836982161,,,
,1.1756521,-18.18694092,11.98782406,-0.288681448,0.541675127,0.804337207,,,
,-2.104703165,-18.07085968,10.44971886,-0.277666361,0.513892762,0.799367788,,,
,-1.027198735,-17.83548861,8.357219696,-0.249291641,0.529248624,0.795641692,,,
,-5.100985954,-19.34500322,8.347880483,-0.302867278,0.577141692,0.819499083,,,
,-6.006660341,-20.18232374,9.299620677,-0.238210907,0.544702446,0.779872885,,,
,-4.888418612,-19.73919818,8.857641034,-0.283972069,0.532393578,0.807320897,,,
,-3.39024857,-18.78510886,7.078664376,-0.23673894,0.47675525,0.796807339,,,
,-1.228077738,-15.41141877,7.802883029,-0.207569011,0.505987054,0.794644852,,,
,-1.095667192,-14.93500437,6.580592164,-0.266639857,0.538513761,0.806937717,,,
,-1.695382116,-13.98549871,4.412634459,-0.19410367,0.498353007,0.763230275,,,
,-1.012932086,-9.186461512,1.629320082,-0.170473394,0.501369521,0.762697452,,,
,1.204758356,-1.952812053,-1.320667718,-0.153144241,0.484373293,0.756050561,,,
,2.710491441,4.93161963,-4.175888298,-0.16102946,0.507494903,0.767158002,,,
,2.383962794,9.597043068,-6.558017627,-0.178367584,0.538345464,0.781605403,,,
,2.780506884,14.62491961,-8.621467831,-0.191814577,0.538301631,0.803676758,,,
,3.896800556,18.14047405,-9.966543551,-0.183293578,0.572740877,0.868067278,,,
,2.546625512,28.98249711,-13.45276255,-0.069644852,0.6282158,0.79484893,,,
,3.057302795,33.87246271,-15.51094154,-0.261933028,0.511509174,0.805222936,,,
,5.883875486,32.41124844,-16.45706675,-0.320275841,0.503117329,0.826746891,,,
,8.9870722,31.26092108,-13.90098743,-0.402320285,0.466183996,0.867411009,,,
,13.27508834,24.35477429,-11.06610686,-0.396033028,0.489258308,0.879749949,,,
,16.14497664,24.97288116,-6.913767122,-0.287288175,0.51752844,0.864888889,,,
,32.19627468,23.65078105,0.079755725,-0.309575739,0.44560999,0.930550968,,,
,51.28625438,16.58781572,10.84299709,-0.456296024,0.518127931,1.042862385,,,
,64.25864912,15.19690337,25.15124292,-0.446888277,0.530364832,1.062882161,,,
,89.41499137,-6.034334203,33.14669707,-0.650843425,0.331883486,1.287901835,,,
,104.1133069,-2.313374394,21.96021178,-0.567393068,0.398616208,1.320331804,,,
,117.7195075,-23.23229268,19.85149791,-0.727629358,0.569189297,1.216271662,,,
,212.2274634,-116.8111402,3.788626125,-0.98365841,0.524749134,0.935191539,,,
,165.5602229,-102.4341395,-31.60939401,-0.047756575,2.037276453,0.420886035,,,
,-23.78617098,22.89613834,-78.92092557,0.416446993,2.321419266,0.384430275,,,
,-103.774918,85.13849168,-94.1782187,-0.361578389,1.090497248,0.555222324,,,
,-59.65315707,52.40592851,-95.95696618,-0.819384608,0.304587462,0.690046891,,,
,-10.99311203,12.73960198,-96.27003032,-0.549618654,0.443060143,0.574565851,,,
,-19.60094347,18.80252678,-98.34883579,-0.205486035,0.725087156,0.378383894,,,
,-43.90432345,37.55956071,-95.6674506,-0.188108767,0.608778186,0.321793272,,,
,-42.23059914,38.24384421,-86.60176859,-0.282053415,0.333702548,0.318732722,,,
,-24.24459451,28.70369585,-68.38784136,-0.238712742,0.248865647,0.281821916,,,
,-18.03533629,28.9649073,-45.62841075,-0.101485015,0.312676453,0.229069929,,,
,-23.36756801,35.58784105,-22.77232216,-0.041631906,0.317889602,0.230824873,,,
,-30.10325985,38.43652991,1.367764849,-0.030784608,0.2143684,0.26457686,,,
,-29.86977955,34.48174603,22.10597224,-0.005825178,0.132284913,0.329141896,,,
,-33.42286273,27.46095039,37.1184978,0.019118043,0.145707951,0.430428135,,,
,-44.44278918,14.19588881,48.53983849,0.00618685,0.196120082,0.570738736,,,
,-59.21094824,-3.790459589,56.68070932,0.009879817,0.190366055,0.660812232,,,
,-68.55073326,-22.08855433,62.00297157,0.08778318,0.078333741,0.648711723,,,
,-67.03119189,-35.14689273,64.94803194,0.125538532,-0.013523751,0.636788685,,,
,-60.67708994,-44.55577646,64.60064763,0.158525076,-0.005277472,0.673364016,,,
,-56.49524288,-52.16127553,61.3631496,0.144872375,0.049853721,0.790380836,,,
,-52.42139837,-66.19507458,56.28817593,0.107244139,0.30948318,1.104228644,,,
,-72.4503986,-90.2807306,54.10864448,-0.000288583,0.67744577,1.382570948,,,
,-99.89513429,-116.1263984,61.91490796,0.088014883,0.779785117,1.378426096,,,
,-105.9546213,-119.0944343,65.03300158,-0.022588379,0.390154638,1.087913558,,,
,-203.1441916,116.9155904,-155.2929338,-0.860601733,-1.726554536,-1.045630173,,,
,-28.48482597,216.3641041,-126.3117545,-3.577810398,4.857087768,5.276507136,,,
,-107.0764727,-141.7582956,-13.2443778,-0.160282875,-2.300912946,1.360178797,,,
,30.21384071,22.42952151,5.398637529,-0.421007339,0.54133211,1.402778695,,,
,7.205345344,16.68796874,-2.446587081,0.498077982,0.904076453,0.623872783,,,
,-1.124716152,24.71058108,1.822865225,-1.299548318,-0.057973904,1.075728746,,,
,24.15005647,-7.437507843,13.78651047,-0.595752599,0.379372681,0.725515291,,,
,11.20063735,-4.355911637,12.44091908,-0.238040469,0.623526504,0.74115739,,,
,7.767760716,-7.799960944,7.783001393,-0.29670897,0.475227217,0.840146789,,,
,5.702648935,-5.601521884,6.081030263,-0.293417635,0.563244852,0.815369827,,,
,2.74051443,-4.509349735,4.660266818,-0.358841182,0.495563812,0.815174312,,,
,6.941727463,-5.25024146,5.891495824,-0.400757798,0.412233333,0.854832722,,,
,9.671642173,-6.227650163,6.075873643,-0.30532212,0.505370031,0.831074312,,,
,4.844759228,-3.841739312,3.61261349,-0.255500102,0.564837207,0.772533333,,,
,0.426567078,-3.911754755,0.722786259,-0.309141998,0.507861162,0.787636493,,,
,-2.543989906,-5.517927342,-0.41379012,-0.302959735,0.470694495,0.820070133,,,
,-2.122579448,-4.148787395,-0.45275125,-0.299945566,0.427348522,0.857227829,,,
,0.660104676,-2.989178113,1.087302008,-0.328334557,0.424298471,0.870306116,,,
,2.917730276,-0.928592699,2.113240236,-0.301439348,0.47446371,0.841807747,,,
,3.102108094,0.412071246,0.945323066,-0.30924893,0.48921896,0.821804383,,,
,1.356191101,-0.057639554,0.352884706,-0.301310194,0.504693782,0.802998063,,,
,-0.075916908,1.040777835,-0.533137228,-0.3092158,0.489266361,0.809366667,,,
,-0.5851045,0.231990611,-0.493030183,-0.347037513,0.478565953,0.813317227,,,
,-0.464324997,-1.004509606,0.681991664,-0.367553517,0.462392049,0.823081142,,,
,0.764898656,-1.046335525,1.160239535,-0.356538838,0.458491437,0.825931702,,,
,3.509652974,-2.878081597,1.543491004,-0.359718654,0.453065749,0.835321407,,,
,4.00766789,-2.894353598,1.087703078,-0.350252294,0.466156881,0.833576555,,,
,4.227626387,-2.815113535,2.067919274,-0.33289949,0.476928746,0.826983486,,,
,4.413264713,-3.299492055,1.294254363,-0.31478369,0.478418552,0.826573394,,,
,2.494830127,-2.358752651,1.841830128,-0.313971152,0.493089399,0.821919674,,,
,-0.063025357,-1.769752038,0.833424409,-0.309239144,0.486151376,0.817134251,,,
,-1.136633674,0.344920593,-0.090641923,-0.313969215,0.480765851,0.8172316,,,
,-1.096068262,0.026527946,-0.504489339,-0.309225484,0.475385219,0.808562385,,,
,-0.985716591,0.03747144,-0.142666491,-0.318704077,0.472291947,0.818100204,,,
,-0.186612354,0.012433184,-0.902293936,-0.3305158,0.472329358,0.817592253,,,
,0.529699482,-0.438140826,-0.536517679,-0.321859327,0.473834964,0.820507136,,,
,-0.892725541,-0.279431517,-0.503629902,-0.318700714,0.473837615,0.817325892,,,
,-1.393891724,0.84453979,-0.45057401,-0.32106738,0.469216412,0.817370744,,,
,-1.296145124,0.937358953,-0.705941299,-0.315568196,0.47226208,0.823469929,,,
,-0.997462226,1.180636833,-1.058997893,-0.318706524,0.481533129,0.822004995,,,
,-2.009764058,1.341867156,-0.917649205,-0.325012334,0.470758716,0.820572987,,,
,-2.113755898,1.842746861,-1.173245677,-0.315563812,0.467645872,0.820351478,,,
,-3.090305164,2.991641831,-2.000825916,-0.307677064,0.470720082,0.8170684,,,
,-4.563265064,3.80850776,-2.117136349,-0.309239959,0.475364526,0.814003874,,,
,-4.263436249,4.252664643,-2.571663768,-0.321855148,0.473840877,0.818952396,,,
,-4.464830914,4.354307356,-2.624547772,-0.337641182,0.467674618,0.830182671,,,
,-3.841968495,4.577187938,-1.945306306,-0.339197961,0.472327931,0.824786035,,,
,-3.438548912,3.409156177,-1.79456111,-0.339193068,0.47079419,0.822450968,,,
,-2.93383039,3.147772831,-1.944332278,-0.336839144,0.467693068,0.824723242,,,
,-3.046874963,3.129781956,-2.51230534,-0.32580948,0.469206524,0.823697452,,,
,-2.131861364,2.217403963,-2.249833374,-0.320295821,0.472272885,0.824355046,,,
,-2.637954985,2.373993328,-2.203710272,-0.328177166,0.470747197,0.82608634,,,
,-1.112168376,2.320593662,-2.131173815,-0.334470336,0.472317125,0.823900917,,,
,-2.139882773,3.012497495,-2.911886106,-0.327387462,0.47074791,0.82529103,,,
,-1.224582696,2.909078613,-2.848860749,-0.323446177,0.472282059,0.824426911,,,
,-1.178860663,3.001897776,-3.155679648,-0.329746177,0.470760652,0.823790214,,,
,-0.774810826,3.349224791,-3.404687106,-0.32975158,0.46921213,0.825341896,,,
,-1.449583222,2.673306481,-3.933183376,-0.328170438,0.47383843,0.824537615,,,
,-2.056517414,2.276475912,-3.687155299,-0.337619878,0.468475535,0.822410601,,,
